{
  "baseline_mean_alignment": 23.946666666666665,
  "rag_mean_alignment": 28.127916666666668,
  "mean_alignment_difference_rag_minus_baseline": 4.18125,
  "mean_absolute_alignment_difference": 4.485138888888889
}