metric,n_pairs,baseline_mean_counterfactual_range,grounded_rag_mean_counterfactual_range,mean_change_rag_minus_baseline,median_change_rag_minus_baseline,paired_t_statistic,paired_p_value,cohen_dz
role_alignment_index,225,5.66,6.253333333333333,0.5933333333333334,0.75,-2.6546316235201606,0.008509128665045818,0.1769754415680107
supportiveness_index,225,12.978000000000002,16.138133333333332,3.160133333333333,2.019999999999996,-5.317373909706559,2.543631302660849e-07,0.3544915939804373
