metric,n_pairs,baseline_mean_counterfactual_range,grounded_rag_mean_counterfactual_range,mean_change_rag_minus_baseline,median_change_rag_minus_baseline,paired_t_statistic,paired_p_value,cohen_dz
role_alignment_index,225,5.66,5.975555555555555,0.31555555555555553,0.25,-1.3543330243080685,0.1769947506095214,0.09028886828720457
supportiveness_index,225,12.978000000000002,16.554844444444445,3.576844444444444,2.3799999999999955,-5.988235807434353,8.361418306775098e-09,0.39921572049562354
