comparison,group_a,group_b,mean_a,mean_b,ci95_a_low,ci95_a_high,ci95_b_low,ci95_b_high,cohen_d,t_statistic,p_value
system_condition,baseline_llm,grounded_rag,23.946666666666665,28.59875,23.19409503051902,24.69923830281431,27.86789784762203,29.32960215237797,-0.28991442387435135,-8.69743271623054,5.078555965349769e-18
gender_condition,female,male,26.429305555555555,26.11611111111111,25.67705929792388,27.18155181318723,25.369340037948245,26.862882184273975,0.019316952893706784,0.5795085868112035,0.5622823377968883
ethnicity_condition,majority,minority,26.213055555555556,26.332361111111112,25.464048268947096,26.962062842164016,25.582281645879366,27.082440576342858,-0.007358137718402621,-0.22074413155207862,0.8253041918672577
age_condition,older,younger,26.48625,26.059166666666666,25.726525137104822,27.245974862895174,25.32006622350946,26.798267109823872,0.02634235607175996,0.7902706821527987,0.4294218255921739
