metric,comparison,group_a,group_b,mean_a,mean_b,ci95_a_low,ci95_a_high,ci95_b_low,ci95_b_high,cohen_d,cohen_d_unequal_var,t_statistic,p_value
role_alignment_index,system_condition,baseline_llm,grounded_rag,23.946666666666665,28.127916666666668,23.19409503051902,24.69923830281431,27.387005876502354,28.86882745683098,-0.2588373250253718,-0.2588373250253718,-7.765119750761155,1.05592150779651e-14
role_alignment_index,gender_condition,female,male,26.297777777777778,25.776805555555555,25.540411982217275,27.05514357333828,25.02840010263068,26.52521100848043,0.031987625295150646,0.031987625295150646,0.9596287588545196,0.33730657905877504
role_alignment_index,ethnicity_condition,majority,minority,25.95013888888889,26.124444444444446,25.19822430459249,26.70205347318529,25.370391519441863,26.87849736944703,-0.010701121897719424,-0.010701121897719424,-0.32103365693158276,0.7482035308373314
role_alignment_index,age_condition,older,younger,26.22361111111111,25.85097222222222,25.461778219938832,26.98544400228339,25.107019247717407,26.594925196727036,0.022878548473693878,0.022878548473693878,0.6863564542108164,0.49253260926744696
supportiveness_index,system_condition,baseline_llm,grounded_rag,95.0675111111111,93.20071666666665,94.72151187544593,95.41351034677628,92.80567742503494,93.59575590829836,0.23240258475572795,0.23240258475572795,6.972077542671838,3.71010367173591e-12
supportiveness_index,gender_condition,female,male,94.17991666666667,94.08831111111112,93.80631275566174,94.5535205776716,93.71426785132925,94.462354370893,0.01132815455154111,0.01132815455154111,0.33984463654623326,0.7339933680401893
supportiveness_index,ethnicity_condition,majority,minority,94.16235555555555,94.10587222222223,93.79050756612281,94.53420354498829,93.73007589987189,94.48166854457257,0.006984789957668863,0.006984789957668863,0.20954369873006592,0.8340356904453926
supportiveness_index,age_condition,older,younger,94.16598333333333,94.10224444444445,93.7994456331776,94.53252103348906,93.72126808698177,94.48322080190714,0.00788203293754199,0.00788203293754199,0.23646098812625974,0.8130884561624021
