system_condition,dimension,max_group_mean,min_group_mean,disparity_range,group_means
baseline_llm,gender_condition,24.154722222222222,23.738611111111112,0.41611111111111043,"{'female': 24.154722222222222, 'male': 23.738611111111112}"
baseline_llm,ethnicity_condition,23.975833333333334,23.9175,0.05833333333333357,"{'majority': 23.9175, 'minority': 23.975833333333334}"
baseline_llm,age_condition,24.134722222222223,23.75861111111111,0.3761111111111113,"{'older': 24.134722222222223, 'younger': 23.75861111111111}"
baseline_llm,intersectional_gender_ethnicity_age,24.448888888888888,23.554444444444446,0.8944444444444422,"{""('female', 'majority', 'older')"": 24.27, ""('female', 'majority', 'younger')"": 24.031111111111112, ""('female', 'minority', 'older')"": 24.448888888888888, ""('female', 'minority', 'younger')"": 23.86888888888889, ""('male', 'majority', 'older')"": 23.814444444444444, ""('male', 'majority', 'younger')"": 23.554444444444446, ""('male', 'minority', 'older')"": 24.005555555555556, ""('male', 'minority', 'younger')"": 23.58}"
grounded_rag,gender_condition,28.440833333333334,27.815,0.6258333333333326,"{'female': 28.440833333333334, 'male': 27.815}"
grounded_rag,ethnicity_condition,28.273055555555555,27.982777777777777,0.29027777777777786,"{'majority': 27.982777777777777, 'minority': 28.273055555555555}"
grounded_rag,age_condition,28.3125,27.94333333333333,0.3691666666666684,"{'older': 28.3125, 'younger': 27.94333333333333}"
grounded_rag,intersectional_gender_ethnicity_age,28.764444444444443,27.534444444444443,1.2300000000000004,"{""('female', 'majority', 'older')"": 28.613333333333333, ""('female', 'majority', 'younger')"": 28.137777777777778, ""('female', 'minority', 'older')"": 28.764444444444443, ""('female', 'minority', 'younger')"": 28.247777777777777, ""('male', 'majority', 'older')"": 27.645555555555557, ""('male', 'majority', 'younger')"": 27.534444444444443, ""('male', 'minority', 'older')"": 28.226666666666667, ""('male', 'minority', 'younger')"": 27.85333333333333}"
