system_condition,dimension,max_group_mean,min_group_mean,disparity_range,group_means
baseline_llm,gender_condition,24.154722222222222,23.738611111111112,0.41611111111111043,"{'female': 24.154722222222222, 'male': 23.738611111111112}"
baseline_llm,ethnicity_condition,23.975833333333334,23.9175,0.05833333333333357,"{'majority': 23.9175, 'minority': 23.975833333333334}"
baseline_llm,age_condition,24.134722222222223,23.75861111111111,0.3761111111111113,"{'older': 24.134722222222223, 'younger': 23.75861111111111}"
baseline_llm,intersectional_gender_ethnicity_age,24.448888888888888,23.554444444444446,0.8944444444444422,"{""('female', 'majority', 'older')"": 24.27, ""('female', 'majority', 'younger')"": 24.031111111111112, ""('female', 'minority', 'older')"": 24.448888888888888, ""('female', 'minority', 'younger')"": 23.86888888888889, ""('male', 'majority', 'older')"": 23.814444444444444, ""('male', 'majority', 'younger')"": 23.554444444444446, ""('male', 'minority', 'older')"": 24.005555555555556, ""('male', 'minority', 'younger')"": 23.58}"
grounded_rag,gender_condition,28.70388888888889,28.49361111111111,0.21027777777777956,"{'female': 28.70388888888889, 'male': 28.49361111111111}"
grounded_rag,ethnicity_condition,28.68888888888889,28.50861111111111,0.18027777777777843,"{'majority': 28.50861111111111, 'minority': 28.68888888888889}"
grounded_rag,age_condition,28.837777777777777,28.35972222222222,0.47805555555555657,"{'older': 28.837777777777777, 'younger': 28.35972222222222}"
grounded_rag,intersectional_gender_ethnicity_age,29.011111111111113,28.09888888888889,0.9122222222222227,"{""('female', 'majority', 'older')"": 29.00777777777778, ""('female', 'majority', 'younger')"": 28.605555555555554, ""('female', 'minority', 'older')"": 29.011111111111113, ""('female', 'minority', 'younger')"": 28.191111111111113, ""('male', 'majority', 'older')"": 28.322222222222223, ""('male', 'majority', 'younger')"": 28.09888888888889, ""('male', 'minority', 'older')"": 29.01, ""('male', 'minority', 'younger')"": 28.543333333333333}"
