metric,n_pairs,baseline_mean,grounded_rag_mean,mean_difference_rag_minus_baseline,median_difference_rag_minus_baseline,mean_absolute_difference,paired_t_statistic,paired_p_value,cohen_dz
role_alignment_index,1800,23.946666666666665,28.127916666666668,4.18125,3.75,4.760694444444445,-43.87615001335131,1.5223990992735785e-286,1.0341707735599646
supportiveness_index,1800,95.0675111111111,93.20071666666665,-1.8667944444444444,0.0,6.325272222222223,8.293593066285206,2.1255256280100465e-16,-0.19548186325240005
