metric,n_pairs,baseline_mean,grounded_rag_mean,mean_difference_rag_minus_baseline,median_difference_rag_minus_baseline,mean_absolute_difference,paired_t_statistic,paired_p_value,cohen_dz
role_alignment_index,1800,23.946666666666665,28.59875,4.652083333333334,4.5,5.023472222222222,-50.55731143399746,0.0,1.1916472584513258
supportiveness_index,1800,95.0675111111111,93.47728888888889,-1.590222222222222,0.0,6.195711111111112,7.272387968850014,5.245883051914484e-13,-0.17141182827311027
