,top_similarity,mean_similarity,min_similarity,semantic_retrieved_count,total_retrieved_count
count,1800.0,1800.0,1800.0,1800.0,1800.0
mean,0.545404,0.5298050185185185,0.5133206666666666,3.0,4.0
std,0.04187164119555282,0.039948305303958695,0.04133102913718255,0.0,0.0
min,0.4473,0.44336666666666663,0.4295,3.0,4.0
25%,0.508725,0.495475,0.476875,3.0,4.0
50%,0.55385,0.5304166666666666,0.50755,3.0,4.0
75%,0.581825,0.5677,0.553775,3.0,4.0
max,0.6305,0.5996333333333334,0.5882,3.0,4.0
