,top_similarity,mean_similarity,min_similarity,semantic_retrieved_count,total_retrieved_count
count,1800.0,1800.0,1800.0,1800.0,1800.0
mean,0.5176706666666667,0.4998160000000001,0.4824493333333333,3.0,4.0
std,0.04512764560171732,0.04215791425809978,0.04067668764591392,0.0,0.0
min,0.4268,0.41653333333333337,0.4043,3.0,4.0
25%,0.484,0.4656,0.445,3.0,4.0
50%,0.5227,0.5022666666666668,0.4852,3.0,4.0
75%,0.5546,0.54,0.5195,3.0,4.0
max,0.6064,0.5804666666666667,0.5584,3.0,4.0
